Date,Time,Journey,Charge (GBP),Capped,Notes
11/08/2026,08:17 - 08:28,Brixton to Victoria,-3.10,N,
15/08/2026,08:12 - 08:23,Brixton to Victoria,-3.10,N,
21/08/2026,08:20 - 08:31,Brixton to Victoria,-3.10,N,
29/08/2026,08:14 - 08:48,Brixton to Victoria,-3.10,N,Signal failure caused severe delays on the Victoria line.
24/08/2026,18:04 - 18:16,Oxford Circus to Bank,-3.10,N,
26/08/2026,18:01 - 18:13,Oxford Circus to Bank,-3.10,N,
28/08/2026,18:09 - 18:21,Oxford Circus to Bank,-3.10,N,
30/08/2026,18:02 - 18:31,Oxford Circus to Bank,-3.10,N,Service disruption affected this journey.
30/08/2026,08:15 - --:--,Bank to Unknown,-5.90,N,"As there is no record of where you touched in or out, the missing journey information could not be completed."
